{"count":1,"gauges":{},"self":48.4541088,"total":49.238216099999995,"children":{"AgentResetIfDone":{"count":2446,"self":0.0165261,"total":0.0165261,"children":null},"AgentSendState":{"count":2446,"self":0.0314513,"total":0.0344537,"children":{"CollectObservations":{"count":245,"self":0.0030023999999999997,"total":0.0030023999999999997,"children":null}}},"DecideAction":{"count":2446,"self":0.6852783,"total":0.6852783,"children":null},"AcademyStep":{"count":2446,"self":0.014206799999999999,"total":0.014206799999999999,"children":null},"AgentAct":{"count":2446,"self":0.032642,"total":0.032642,"children":null}}}